{"0.4791640781789527": {"a": 1, "island": 25, "mountain": 25, "swamp": 25, "plains": 25, "forest": 25}, "0.4208886486252311": {"a": 1, "island": 25, "mountain": 25, "swamp": 25, "plains": 25, "forest": 25}}