{"a": 1, "0.7674263271984056": {"a": 1, "island": 25, "mountain": 25, "swamp": 25, "plains": 25, "forest": 25}, "0.5148500110407349": {"a": 1, "island": 25, "mountain": 25, "swamp": 25, "plains": 25, "forest": 25}, "0.724291548284905": {"a": 1, "island": 25, "mountain": 25, "swamp": 25, "plains": 25, "forest": 25}}