{"a": 1, "0.607518937294165": {"a": 1, "island": 25, "mountain": 25, "swamp": 25, "plains": 25, "forest": 25}, "0.8834575809647507": {"a": 1, "island": 25, "mountain": 25, "swamp": 25, "plains": 25, "forest": 25}, "0.6702705641456332": {"a": 1, "island": 25, "mountain": 25, "swamp": 25, "plains": 25, "forest": 25}, "0.7890568653828328": {"a": 1, "island": 25, "mountain": 25, "swamp": 25, "plains": 25, "forest": 25}}